id;coord_x;coord_y;archived;score;user_id;message_id
1;45.763756;21.255124;0;0;3;1
2;45.738132;21.210137;0;0;4;2
3;45.760293;21.220871;1;0;4;3
4;null;null;null;null;null;null
5;45.731527;21.240686;false;1;5;4
6;45.738999;21.240389;false;1;5;5
7;45.747757;21.225703;false;1;6;6
8;45.752780;21.225349;false;1;6;7
9;45.757929;21.229029;false;1;6;8
10;45.751305;21.224457;false;1;6;9
11;46.768994;23.577911;false;1;6;10
